year,land_use_percapita_msq,domestic_supply_percapita_kg,animal_feed_percapita_kg
2011,1209.4068,198.78872,5.0457832
2012,1248.9021,193.37155,6.2206932
2013,1383.4241,190.87677,5.1308293
2014,1487.9493,199.70545,5.98153
2015,1568.3769,211.75194,3.104467
2016,1604.1374,217.36968,15.189047
2017,1628.7325,218.6183,3.2517212
2018,1654.7795,230.56947,6.8897726
2019,1694.906,210.29556,3.1305647
2020,1744.3158,204.72212,3.0441429