year,agriculture ,land_use_change_and_forestry ,total
2011,488.5170582,266.8829576,1286.29799
2012,489.4160321,271.7729565,1330.371183
2013,485.4614949,264.9503522,1354.14376
2014,494.9390786,268.4004873,1395.954497
2015,496.8756585,274.4027085,1379.880817
2016,498.3876437,394.6767072,1464.257908
2017,503.1166693,400.0843262,1486.007559
2018,493.0439611,389.1121235,1443.293955
2019,505.0246243,397.5595762,1467.478477
2020,518.8563431,404.9355376,1469.644664